Female Masculinity in Hip Hop,missing
A Sunday Morning in The South,missing
Briohny Doyle,missing
Harsimran Kaur Bed,missing
Outing in Hip Hop,missing
K. Varalakshmi,missing
Giovanni Pierluigi da Palestrina’s “Stabat Mater”,missing
Dawsondes/sandbox,missing
Eugène Grangé,2016-05-07
The Great Tenor Songbook,2016-05-07
The Quartet Sessions,2016-05-07
Daniel-Paul Chappuzeau de Baugé,2016-05-07
Songs from the Heart (Mark Vincent album),2016-05-07
Compass (Mark Vincent album),2016-05-07
Malvina di Scozia,2016-05-07
Michael McQuilken,2016-05-07
Best So Far,2016-05-07
My Dream – Mio Visione,2016-05-07
Tatsu Hirota,2016-05-07
Fetal Tissue Transplantation,2016-05-06
Alixandra Fazzina,2016-05-06
Koigokoro (Nanase Aikawa song),2016-05-06
Polvo de Gallina Negra,2016-05-06
Elaine Sadler,2016-05-06
Édouard Brisebarre,2016-05-06
Nikolay Kondratyuk,2016-05-06
War Music (composition),2016-05-06
Everette Taylor,2016-05-06
Kamelia (Romanian singer),2016-05-06
Liao Pen-yen,2016-05-06
Linda Hadjar,2016-05-06
"Amity School of Business,Kolkata",2016-05-06
Muisca music,2016-05-06
Ruth C. Williams,2016-05-06
Glaci Zancan,2016-05-06
Hilda Martindale,2016-05-06
Elizabeth Alkin,2016-05-06
Mauno Kuusisto,2016-05-06
Tamam Al-Akhal,2016-05-06
Samira Alikhanzadeh,2016-05-06
Harwood and Sophie Steiger,2016-05-06
Jumana Emil Abboud,2016-05-06
Eugène Carpezat,2016-05-06
Henri Chivot,2016-05-06
Surcouf (opéra comique),2016-05-06
Arakatavemula,2016-05-06
Juraj Valcuha,2016-05-06
Helen Osborne,2016-05-06
TRAPPIST-1d,2016-05-05
TRAPPIST-1c,2016-05-05
Tejano Music Award for Female Entertainer of the Year,2016-05-05
2016 African Handball Super Cup,2016-05-05
Erika Armstrong,2016-05-05
Lady Eithne Birt CB,2016-05-05
Tejano Music Award for Male Entertainer of the Year,2016-05-05
Franklin Commercial Historic District,2016-05-05
List of Ghanaian women writers,2016-05-05
The Oaks Trilogy,2016-05-05
Eleasha chew,2016-05-05
The Furys (doo-wop group),2016-05-05
Libretto of The Magic Flute,2016-05-05
Milagros Frías,2016-05-05
"Numbers N3rds, or The (Almost) All-Girl Math Challenge",2016-05-05
FUTURE ASSURED,2016-05-05
Théodore Anne,2016-05-05
Kevin Antoine,2016-05-05
Roopa Diwakar,2016-05-05
Melinda Taylor,2016-05-05
Milosz Songs,2016-05-05
Amazone zu Pferde (Kiss),2016-05-05
Yoko Kato,2016-05-05
Missa L'homme armé (Palestrina),2016-05-05
Rebecca Daniels,2016-05-05
Barbara Tsakirgis,2016-05-05
TRAPPIST-1b,2016-05-05
Claws and Wings,2016-05-05
Sheida nasseri akbar,2016-05-05
Mercury Islands tusked weta,2016-05-05
Felicitas Svejda,2016-05-05
Karen Clark Stanton,2016-05-05
Jane Ising,2016-05-05
Karen Beauchemin,2016-05-05
Latino Theater in the United States,2016-05-05
American Camp,2016-05-05
Kreeta Haapasalo Playing the Kantele in a Peasant Cottage,2016-05-04
Job Bishop,2016-05-04
McKenzie Berryhill,2016-05-04
Clementine von Radics,2016-05-04
Rosa Laricchiuta,2016-05-04
Fanny Brennan,2016-05-04
Pierson-Betts House,2016-05-04
Pedro Gailhard,2016-05-04
Transgender Representation in Hip Hop Music,2016-05-04
High-definition television in Australia,2016-05-04
Columbia University rape controversy,2016-05-04
Alfred Desroziers,2016-05-04
Opera Nova Bydgoszcz,2016-05-04
Lennox Grafton,2016-05-04
Idu Mishmi tribe,2016-05-04
Zoulikha Bouabdellah,2016-05-04
Audrey Henshall,2016-05-04
Girl Playing the Lyre,2016-05-04
Yumi Janairo Roth,2016-05-04
Portrait of Madame Récamier (Gros),2016-05-04
Wednesday Mourning,2016-05-04
Min Matheson,2016-05-04
Mircea Zaciu,2016-05-04
The Bloomsbury Cookbook,2016-05-04
"Luxembourg Gardens, Paris",2016-05-04
Block Pramukh,2016-05-04
Elisabeth I. Millard,2016-05-04
Alice Rohe,2016-05-04
Campocasso,2016-05-04
Anita M. Cal,2016-05-04
2015–16 UMass Lowell River Hawks women's basketball team,2016-05-04
Bhaiyyu Maharaj,2016-05-04
Justine Schiavo-Hunt,2016-05-04
Lucky To Be Alive (Confederate Railroad album),2016-05-04
Rebekka Wolf,2016-05-04
2014 IIHF Women's Challenge Cup of Asia Division I,2016-05-04
Christoph Marthaler,2016-05-04
Mireille Juchau,2016-05-04
Eugène Bertrand,2016-05-04
The Blue (musical duo),2016-05-04
2015–16 Binghamton Bearcats women's basketball team,2016-05-04
Nigeria women's national under-17 basketball team,2016-05-04
Euphemia Eleanor Baker,2016-05-04
In Common,2016-05-04
Eleanor Marx: A Life,2016-05-04
Emmeline Moore,2016-05-04
Elżbieta Trela-Mazur,2016-05-04
2016 Open Engie Saint-Gaudens Midi-Pyrénées,2016-05-04
Dina Danish,2016-05-04
Flora Crater,2016-05-04
Dreams Soar,2016-05-04
Great Minds with Dan Harmon,2016-05-04
Anna Barrows,2016-05-04
Senegal women's national under-17 basketball team,2016-05-04
Lynda Gammon,2016-05-04
Verushka Scalia,2016-05-04
Aquino Political Dynasty,2016-05-03
The Fountain of Youth (Cranach),2016-05-03
BBC Women's Footballer of the Year,2016-05-03
Dr. Ella Stokes House,2016-05-03
List of viral videos,2016-05-03
Rachel Syme,2016-05-03
Suzanne Mary Prober,2016-05-03
Marilyn Klaus,2016-05-03
Senegal women's national under-19 basketball team,2016-05-03
Mollie Fly,2016-05-03
Benin women's national under-19 basketball team,2016-05-03
Dance Collection,2016-05-03
Emilia Díaz,2016-05-03
Walk on the Beach,2016-05-03
Ella Farman,2016-05-03
Fernando Soto Aparicio,2016-05-03
Virginia Grutter,2016-05-03
Mandy May Cheetham,2016-05-03
Nigeria women's national under-19 basketball team,2016-05-03
Winnebago Presbytery,2016-05-03
List of Palestinian women artists,2016-05-03
Suzanne Césaire,2016-05-03
List of Nigerian women photographers,2016-05-03
Baya (artist),2016-05-03
Bodil Hauschildt,2016-05-03
Love·Life,2016-05-03
Ana Istarú,2016-05-03
Women Without Tomorrow,2016-05-03
Charles-François-Jean-Baptiste Moreau de Commagny,2016-05-03
Noemí Ruiz,2016-05-03
Patricia Rodriguez (artist),2016-05-03
Delila (Richards) Abbott,2016-05-03
Ultimate (Jolin Tsai album),2016-05-03
Soledad Salamé,2016-05-03
Michel de Bonneval,2016-05-03
Delia Cugat,2016-05-03
Ana Tiscornia,2016-05-03
Terra Trevor,2016-05-03
Carla Rippey,2016-05-03
Albert Joseph McConnell,2016-05-03
Cadence (vocal group),2016-05-03
Dada-Review,2016-05-03
Born to Be a Star (album),2016-05-03
List of Argentine women photographers,2016-05-03
The Age of Innocence (album),2016-05-03
Karin Albou,2016-05-03
Thomas J. Conover House,2016-05-03
Winnie Denker,2016-05-03
Hateful things sei shonagon,2016-05-03
Favorite (album),2016-05-03
Frances Sally Day,2016-05-03
Alicia Viteri,2016-05-03
Alexander Learmonth,2016-05-03
Shree Gyanodaya Secondary School,2016-05-03
Sara Hossain,2016-05-03
Synod of Lakes and Prairies,2016-05-03
Thanpuying Chanut Piyaoui,2016-05-03
Together (Jolin Tsai album),2016-05-03
Sentiments,2016-05-03
Final Wonderland,2016-05-03
Parvin Sultana,2016-05-03
Cordelia Harvey,2016-05-03
Women's Coalition of Milwaukee,2016-05-02
Shirin Aliabadi,2016-05-02
Edith Munnings,2016-05-02
Elsie Howey,2016-05-02
Mary Many Days Robidoux,2016-05-02
Saila Kariat,2016-05-02
IRIS (Annual Management and Cultural Fest),2016-05-02
The Visitation (MS),2016-05-02
Marion Kettlewell,2016-05-02
Rebecca Ringquist,2016-05-02
Sarah Power,2016-05-02
Sian Williams (rugby player),2016-05-02
Emily Hollinshead,2016-05-02
Elsa Thiemann,2016-05-02
Fierce Hearts,2016-05-02
Flood Ladies,2016-05-02
Ffion Bowen,2016-05-02
Monte Senario,2016-05-02
The Acquired Talent,2016-05-02
Myself World Tour Taipei Encore,2016-05-02
Red Fury,2016-05-02
Foundland,2016-05-02
Karate (song),2016-05-02
Charles de Longchamps,2016-05-02
Bethan Dainton,2016-05-02
Carys Phillips,2016-05-02
Megan Gogerty,2016-05-02
Brenda Rae,2016-05-02
Dola de Jong,2016-05-02
Kristy Whelchel,2016-05-02
Fiona Lamdin,2016-05-02
Adolphe Jaime,2016-05-02
Late Victorians,2016-05-02
Philippe Maidenberg,2016-05-02
Female Genital Mutilation in New Zealand,2016-05-02
Clare Twomey,2016-05-02
Holly Green,2016-05-02
Bee Tucker,2016-05-02
Maliheh Afnan,2016-05-02
J9 (album),2016-05-02
Dancing Forever,2016-05-02
Zoe Dumitrescu-Bușulenga,2016-05-02
Maye Musk,2016-05-02
Jill Bauer,2016-05-02
Jill Asemota,2016-05-02
Andrea Clearfield,2016-05-02
List of awards and nominations received by Tracey Ullman,2016-05-02
National Institute for women,2016-05-02
Elen Evans,2016-05-01
Gong Hyun-joo,2016-05-01
List of Lebanese women artists,2016-05-01
Louise Boyle,2016-05-01
Children in Love,2016-05-01
List of Emirati women artists,2016-05-01
Anne Ceridwen Rees,2016-05-01
Patrick Tice,2016-05-01
Joan Edwards (radio singer),2016-05-01
Little Women (1970 TV series),2016-05-01
Susana Thénon,2016-05-01
Clara Lee Tanner,2016-05-01
Cándida Montilla de Medina,2016-05-01
Olive Talbot,2016-05-01
Crazy (The Manhattans song),2016-05-01
Olga Máté,2016-05-01
Gina Villalobos,2016-05-01
Lauren Southern,2016-05-01
Anida Yoeu Ali,2016-05-01
Mary Townsend,2016-05-01
Adolphe Choler,2016-05-01
Adolphe Jadin,2016-05-01
Gemma Lavender,2016-05-01
Time to Begin,2016-05-01
"Dolores Mission, Los Angeles",2016-05-01
Songs That Made Me,2016-05-01
Love Song (2016 TV series),2016-05-01
Elizabeth Wilmot,2016-05-01
2016 Big Ten Women's Lacrosse Tournament,2016-05-01
Judith Ehrlich,2016-05-01
Kristin Lewis,2016-05-01
Raja Rajeswari,2016-05-01
Rathika Ramasamy,2016-05-01
Elizabeth May (disambiguation),2016-05-01
Kay Loven,2016-05-01
Flor Roffé de Estévez,2016-05-01
Ellen Clara Sabin,2016-05-01
Hanaa Malallah,2016-05-01
2003 Wimbledon Championships – Women's Doubles Qualifying,2016-05-01
Ted Cruz is the Zodiac Killer,2016-05-01
Nerys Johnson,2016-05-01
Women of Today (film),2016-05-01
Nora Aslan,2016-05-01
Amanda Reid (malacologist),2016-05-01
Agnes Rothery,2016-05-01
Yekaterina Nikolayeva,2016-05-01
Dee Forbes,2016-05-01
Else Strantz,2016-05-01
Iowa Lakes Community College,2016-05-01
Quentin Jones,2016-05-01
Adeke Rose,2016-05-01
Holly Brockwell,2016-05-01
Masterchef Junior US Season 4,2016-05-01
Victor Koning,2016-05-01
Étienne Morel de Chédeville,2016-04-30
Finland women's national under-17 basketball team,2016-04-30
Dyme Deville,2016-04-30
Finland women's national under-19 basketball team,2016-04-30
Emily Allen,2016-04-30
Rebecca De Filippo,2016-04-30
Symphony No. 5 (Harbison),2016-04-30
Dara Fanka,2016-04-30
Symphony No. 4 (Harbison),2016-04-30
Popera Men®,2016-04-30
2008–09 First Women's Banca Intesa League,2016-04-30
Germanico in Germania,2016-04-30
Tayeba Begum Lipi,2016-04-30
Patti Jannetta,2016-04-30
Patti Bacchus,2016-04-30
Merlin (Goldmark),2016-04-30
Karen Holford,2016-04-30
Laurencin,2016-04-30
The Morality of Mrs. Dulska (play),2016-04-30
Blanche Ostertag,2016-04-30
List of Mexican women photographers,2016-04-30
Selwyn Cudjoe,2016-04-30
List of Swedish women photographers,2016-04-30
Children's rights under ISIL,2016-04-30
Alfred Delacour,2016-04-30
A Palace Concert,2016-04-30
Cerys Hale,2016-04-30
Delilah Alvares,2016-04-30
Mélissa Le Nevé,2016-04-30
Monica Gerardo,2016-04-30
Meredith Beard,2016-04-30
Shona Powell Hughes,2016-04-30
Sabine Kornijanova,2016-04-30
Gwladys Yvonne McKeon,2016-04-30
Mary Locke,2016-04-30
Marta Zabaleta,2016-04-30
Turkmenistan at the 2016 Summer Olympics,2016-04-30
Brahminsm,2016-04-30
Lindsay Stoecker,2016-04-30
Maria Briscoe Croker,2016-04-30
Deborah Holtz,2016-04-30
Zella Allen Dixson,2016-04-30
Yva,2016-04-30
Margaret Townsend Jenkins,2016-04-30
List of The Shannara Chroncicles episodes,2016-04-30
List of Senegalese women writers,2016-04-30
Jeren Kurbanklycheva,2016-04-30
Annie Lloyd Evans,2016-04-30
Ailish Hopper,2016-04-30
Amelia Batistich,2016-04-30
Glenys Collard,2016-04-30
Birthing Practices in Mexico,2016-04-30
Apsara Reddy,2016-04-30
Elaine Eksvärd,2016-04-30
Eleni Tsaligopoulou,2016-04-30
Dimlight (band),2016-04-30
Tejano Music Award for Male Vocalist of the Year,2016-04-30
"Lothair Udo III, Margrave of the Nordmark",2016-04-29
Charmaine Bennell,2016-04-29
Ethel Cox,2016-04-29
Esther Passaris,2016-04-29
Lola Greeno,2016-04-29
Angela Reuss,2016-04-29
Y Gymraes,2016-04-29
Ada Christen,2016-04-29
Anita McCormick Blaine,2016-04-29
A. L. Mentxaka,2016-04-29
Malawi national under-19 basketball team,2016-04-29
Virginia Cutler,2016-04-29
Marguerite Linton Glentworth,2016-04-29
List of American women photographers,2016-04-29
Sara Aboobacker,2016-04-29
I love XXX,2016-04-29
Varadharajapuram,2016-04-29
University Hospital Basel,2016-04-29
Stella Jones (writer),2016-04-29
Shéhérazade Semsar,2016-04-29
Troy Trojans golf,2016-04-29
Selfportrait at 6th wedding anniversary,2016-04-29
Characters of Final Fantasy XV,2016-04-29
Sébastienne Guyot,2016-04-29
AFL women's league,2016-04-29
Ann Thetis Blacker,2016-04-29
Andrew-John Smith,2016-04-29
L.A. Clippers Dance Squad,2016-04-29
Deva Dassy,2016-04-29
Filaret Barbu,2016-04-29
Giulietta Pezzi,2016-04-29
Il caso Mortara,2016-04-29
Kevin R. Campbell (cardiologist),2016-04-29
Seetha I. Wickremasinghe,2016-04-29
Dana Dobbie,2016-04-29
Maurice Hennequin,2016-04-29
Claymoor (Mișu Văcărescu),2016-04-29
Laurel Nannup,2016-04-29
Ellen Young (Pioneer),2016-04-29
Larisa Sergeeva,2016-04-29
Paul Bilhaud,2016-04-29
Kelly reemtsen,2016-04-29
14th Helpmann Awards,2016-04-29
San Diego Civic Theatre,2016-04-29
Pregnancy specific biological substances,2016-04-29
RCAF Station St. Sylvestre,2016-04-29
Rhyl & Prestatyn Ladies F.C.,2016-04-29
Symphony No. 6 (Harbison),2016-04-29
Olatorera Oniru,2016-04-29
Roulette Intermedium,2016-04-28
Josephine Nesbit,2016-04-28
Texas Federation of Women's Clubs,2016-04-28
Naze Hito wa Arasou n' Darō? / Summer Wind / Jinsei wa Step!,2016-04-28
Natalia rak,2016-04-28
Renata Tebaldi Foundation,2016-04-28
The Black Atlantic,2016-04-28
Lists of women photographers,2016-04-28
Thea Brogli,2016-04-28
Olya Kroytor,2016-04-28
Monique Mukuna Mutombo,2016-04-28
Paulette Pax,2016-04-28
Wendy Warren and the News,2016-04-28
Rianna Mizzen,2016-04-28
Stephanie Ovadia,2016-04-28
Rose Lindsay,2016-04-28
Empress Dowager Xiaoding,2016-04-28
Buddhist Views on Romantic Relationships,2016-04-28
William Moses Feldman,2016-04-28
St. Louis City Directories,2016-04-28
Huitaca (goddess),2016-04-28
Vilna Jorgen Morpurgo,2016-04-28
Marilyn Thayer,2016-04-28
Kate Evelyn Isitt,2016-04-28
Dora Vulcan,2016-04-28
Winnie Nwagi,2016-04-28
Maria Holbură,2016-04-28
Zsófia Kovács (gymnast),2016-04-28
Luke Visconti,2016-04-28
John Ferrone,2016-04-28
Huda Lutfi,2016-04-28
Gong Kangyi,2016-04-28
Irene Ellenberger,2016-04-28
Columbus Citizens Foundation,2016-04-28
Svetlana Dambinova,2016-04-28
Irene Martínez,2016-04-28
Elsa Jemne,2016-04-28
Bernice Shackleton,2016-04-28
Joanne Joanne,2016-04-28
Carol R. Ember,2016-04-28
Yang Hongying,2016-04-28
Dana Dragomir,2016-04-28
Adela Ber Vukić,2016-04-28
Alice Kindler,2016-04-28
Anacristina Rossi,2016-04-28
Mònica Terribas i Sala,2016-04-28
Mary Evelyn Hitchcock,2016-04-28
Kiné Kirama Fall,2016-04-28
List of Dutch women photographers,2016-04-28
Joseph F. Sackett,2016-04-28
Luise Heilborn-Körbitz,2016-04-27
List of British women photographers,2016-04-27
Katharine Greene Amory,2016-04-27
List of first female lawyers by country,2016-04-27
Rose Charlie,2016-04-27
Marie Meyer (espionage),2016-04-27
Elissa Blount Moorhead,2016-04-27
Laura Harmon,2016-04-27
Ruxandra Cosma,2016-04-27
Rocio de la Villa,2016-04-27
Shaun Leonardo,2016-04-27
Carellin Brooks,2016-04-27
Bessie Skea,2016-04-27
Late Modernism (book),2016-04-27
Il Paride,2016-04-27
Ana Koniuchovaite,2016-04-27
Kenyan women's sex strike 2009,2016-04-27
Adela Calva Reyes,2016-04-27
Jean Ann Black,2016-04-27
Shéhérazade Semsar de Boisséson,2016-04-27
Indira Etwaroo,2016-04-27
Frances McLaughlin-Gill,2016-04-27
Ángela Salvadores,2016-04-27
List of general music articles in Rees's Cyclopaedia,2016-04-27
List of music biographies in Rees's Cyclopaedia,2016-04-27
Portrait of Venny Soldan-Brofeldt,2016-04-27
Gabriela Etcheverry,2016-04-27
South Asian Women's Creative Collective,2016-04-27
Polly Russell,2016-04-27
Witnesses (film series),2016-04-27
María Angélica Barreda,2016-04-27
When We Rise,2016-04-27
Stemettes,2016-04-27
Dorothy Day Center for Faith and Justice,2016-04-27
Mia Birdsong,2016-04-27
Michael Weidt,2016-04-27
Victoria Fouch,2016-04-27
1st Cavalry Division Horse Cavalry Detachment,2016-04-27
Paul Siraudin,2016-04-27
Elizabeth Eggleston,2016-04-27
Joyce Molyneux,2016-04-27
The Active Eye,2016-04-27
Newburgh Theological Seminary,2016-04-27
Margaret Covey Chisholm,2016-04-27
Marie Johnson Calloway,2016-04-27
Gunhild Vehusheia,2016-04-27
Nvader,2016-04-27
Katsiaryna Fiadutsik,2016-04-26
Center for Service & Social Action,2016-04-26
Myropi Christofilaki,2016-04-26
Nadeja Ivanova,2016-04-26
Nicola Willis,2016-04-26
Ng Shin Yii,2016-04-26
Chaquén,2016-04-26
New York Hydropathic and Physiological School,2016-04-26
Oréane Lechenault,2016-04-26
Natalia Karpovich,2016-04-26
Nancy Owen,2016-04-26
Maija Leinonen,2016-04-26
Nathalie Bletterman,2016-04-26
Nora Munkvold,2016-04-26
List of German women photographers,2016-04-26
Haryana Rural Antique Museum,2016-04-26
Carolyne Pedro,2016-04-26
List of French women photographers,2016-04-26
List of Canadian women photographers,2016-04-26
Petra Furac,2016-04-26
Raell Padamsee,2016-04-26
List of Australian women photographers,2016-04-26
Leysira Gabdrakmanova,2016-04-26
Rafaella Zannettou,2016-04-26
Lee Go-im,2016-04-26
Lee Eun-ju (gymnast),2016-04-26
Samantha Bayley,2016-04-26
Sigriður Hronn Bergþorsdottir,2016-04-26
Laura Gamell,2016-04-26
Brighter Environment (BE),2016-04-26
Stella Petran,2016-04-26
Bride Neill Taylor,2016-04-26
Kirstine Söndergaard,2016-04-26
Hu Lanqi,2016-04-26
Monika Romanova,2016-04-26
Tamara Chachua,2016-04-26
Mary Louisa Willard,2016-04-26
Tamara Mrdjenovic,2016-04-26
Terri Grand'ry,2016-04-26
Tiril Dovre,2016-04-26
Toya Rojas Pascual,2016-04-26
Katarina Ronbeck,2016-04-26
Marine Boyer,2016-04-26
Karina Myasnikova,2016-04-26
Marilyn McReavy,2016-04-26
Kamile Goktekin,2016-04-26
Pu Tiansheng,2016-04-26
Yagmur Su Alparslan,2016-04-26
Yuliya Khramiankova,2016-04-26
Julia Bombach,2016-04-26
Zhang Jin (gymnast),2016-04-26
Irene (singer),2016-04-26
Jeong Hee-yeon,2016-04-26
Madhav Sadashiv Gore,2016-04-26
Janneke Lanng,2016-04-26
Inés Silva,2016-04-26
Bassey Ikpi,2016-04-26
Gaya Giladi,2016-04-26
"Finnmark, Winter",2016-04-26
Evi Neijssen,2016-04-26
Ema Kajic,2016-04-26
Deby Medrez Pier,2016-04-26
Contraceptive rights in New Zealand,2016-04-26
Lizette Parker,2016-04-26
Hannah Pittard,2016-04-26
Barbara Perry (volleyball),2016-04-26
Jennifer Westwood,2016-04-26
Jane Ward (volleyball),2016-04-26
"Tepic, Nayarit (municipality)",2016-04-26
Dyonnailys Supriana,2016-04-26
Dorien Motten,2016-04-26
Dina Nygaard,2016-04-26
List of Japanese women photographers,2016-04-26
Conny Giussani,2016-04-26
List of Danish women photographers,2016-04-26
Claudia Menéndez González,2016-04-26
Chiara Gandolfi,2016-04-26
Camille Bahl,2016-04-26
"Fateh Chand College for Women (Lahore), Hisar",2016-04-26
Faro Pentatuch,2016-04-26
Linda Murphy (volleyball),2016-04-26
Boglarka Toth,2016-04-26
Anna Hansen,2016-04-26
Yekaterina Avdeyeva,2016-04-26
Andrea Orradottir,2016-04-26
Senna Deriks,2016-04-26
Serbia women's national under-17 football team,2016-04-26
Fanny Hopeau,2016-04-26
Anastasija Dubova,2016-04-26
Sharon Peterson,2016-04-26
Ana Poscic,2016-04-26
Ursula Wyss,2016-04-26
Jocelyn Hunt,2016-04-26
Antonina Abarinova,2016-04-26
2016–17 in Australian soccer,2016-04-26
Krishnokoli,2016-04-26
Exit: An Illusion,2016-04-26
JFK (opera),2016-04-26
Amelia Jane Murray,2016-04-26
Klaus Uwe Ludwig,2016-04-26
Aliaksandra Koshaleva,2016-04-26
You Gotta Have Balls,2016-04-26
Kathryn Heck,2016-04-26
Wyomi Masela,2016-04-26
Women's rights in Philippines,2016-04-26
Tournament Dance Central,2016-04-26
1988 United States Olympic Trials (track and field),2016-04-26
"Elizabeth ""Lizzie"" Murphy",2016-04-26
Tabea Alt,2016-04-26
The Bee Club,2016-04-26
Teupoko'ina Utanga Morgan,2016-04-26
1115 in Italy,2016-04-26
Lucia M. Cormier,2016-04-25
15th Helpmann Awards,2016-04-25
169th Rifle Division (Soviet Union),2016-04-25
Kevin Giles (author),2016-04-25
Nicolas Gersin,2016-04-25
Language As Violence,2016-04-25
"The Breakage of the Sunflower: pain of a war correspondent, diaries, Afghanistan, Chechnya, Kurdistan, Iraq (Documentary Literature)",2016-04-25
External memory (psychology),2016-04-25
Michel Dieulafoy,2016-04-25
Ludwig Hofmann (bass),2016-04-25
Velvet Crest,2016-04-25
Scheherazade.2,2016-04-25
Amaranta Torres,2016-04-25
Camila Ambrosio,2016-04-25
Eliana Gonzalez,2016-04-25
Janet Teissier du Cros,2016-04-25
Elid Hellwing Burgos,2016-04-25
Rokeya Lita,2016-04-25
Fintan Warfield,2016-04-25
Eve Ryder,2016-04-25
Richard Zander (anatomist),2016-04-25
A nude woman doing her hair before a mirror,2016-04-25
Kaylee Cole,2016-04-25
Fortenberry & Associates,2016-04-25
Many Beautiful Things,2016-04-25
Leidys Perdomo,2016-04-25
Adeline Russell,2016-04-25
Prachi Patankar,2016-04-25
Leidys Rojas,2016-04-25
Marcela Sandoval,2016-04-25
Mary Morffi,2016-04-25
"Center for Social Justice Research, Teaching, & Service",2016-04-25
Cassandra Pybus,2016-04-25
Gisela Steineckert,2016-04-25
List of Nigerian women writers,2016-04-25
Carole B. Balin,2016-04-25
Jeni Couzyn,2016-04-25
Mason Cox,2016-04-25
Appalachian Institute,2016-04-25
Brigitte Plateau,2016-04-25
Ata Kandó,2016-04-25
Atia Abawi,2016-04-25
Ballet Folklórico Oro Lenca,2016-04-25
Bettye Caldwell,2016-04-25
Sydney Mason,2016-04-25
"Binnsville, Mississippi",2016-04-25
Yurany Avendaño,2016-04-25
Soheila Jolodarzadeh,2016-04-24
Antonia Palacios,2016-04-24
Arabella (given name),2016-04-24
Burnt Sienna (song),2016-04-24
Peggy Ann Wood,2016-04-24
Ankit Love,2016-04-24
Meggie Royer,2016-04-24
Husna Bai,2016-04-24
Gill Perry,2016-04-24
Martine Duvivier,2016-04-24
Rupa Subramanya,2016-04-24
Gaurav Kapur,2016-04-24
Shonagh Koea,2016-04-24
Alessandro Salucci,2016-04-24
Tiffany Atkinson,2016-04-24
"Abkhazian local elections, 2001",2016-04-24
Aaron Byrd,2016-04-24
Florence Tullis,2016-04-24
Birth Culture in India,2016-04-24
Real Talk (Philippine talk show),2016-04-24
Ishbel Ross,2016-04-24
Fisher v. University of Texas (2016),2016-04-24
A Sunday Morning in the South,2016-04-24
A Rat's Mass,2016-04-24
Jozien Bensing,2016-04-24
List of the best positions of Spain in the Olympic Summer events,2016-04-24
Lalita Ramakrishnan,2016-04-24
Christine Lawrence Finney,2016-04-24
Armand Croizette,2016-04-24
Sacrificed Women,2016-04-24
Ann Shelton (photographer),2016-04-24
Jewel's Catch One,2016-04-24
Sari Feldman,2016-04-24
Women of the Theatre,2016-04-24
Great Scott (opera),2016-04-24
2015–16 Northern Illinois Huskies women's basketball team,2016-04-24
Elisabeth Schiemann,2016-04-24
Liao Chi-chun,2016-04-24
Tom Jancar,2016-04-24
Lemonade (Beyoncé album),2016-04-24
Elizabeth Peer,2016-04-24
Esther Hannaford,2016-04-24
Sports physical examination,2016-04-24
Agnes Pochin,2016-04-23
"St Edmund's Church, Crickhowell",2016-04-23
Marie-Françoise Dubois,2016-04-23
Ssipsis,2016-04-23
Alma Wartenberg,2016-04-23
Icelandic Women's Strike 1975,2016-04-23
Emmi Handke,2016-04-23
Shantichitra,2016-04-23
Mary Mothersill,2016-04-23
Loughborough Lightning (WCSL),2016-04-23
Jackie Carter,2016-04-23
The Battle of the Harvests,2016-04-23
Arya (name),2016-04-23
Crystal Bennett,2016-04-23
Cathy Day,2016-04-23
2016–17 UMass Minutewomen basketball team,2016-04-23
Haley Augello,2016-04-23
Brigitte Evanno,2016-04-23
Huntington Courthouse Square Historic District,2016-04-23
Seri Rambai,2016-04-23
P. Aisha Potty,2016-04-23
Pash (song),2016-04-23
Center for Faith and Public Life,2016-04-23
Pearl Mackie,2016-04-23
Chan Yuen-ting,2016-04-23
Western Storm,2016-04-23
Madison Copiak,2016-04-23
Lisbeth L. Petersen,2016-04-23
Chucks Chyke,2016-04-23
Polycomb recruitment in X chromosome inactivation,2016-04-23
Rosa Simonovich,2016-04-23
Xie Yimin,2016-04-23
Yorkshire Diamonds,2016-04-23
Zeynab Society,2016-04-23
Paul Duport,2016-04-23
Lancashire Thunder,2016-04-23
Cuchavira,2016-04-23
Arev Petrosyan,2016-04-23
Isabelle Sbrissa,2016-04-22
Salam Neighbor,2016-04-22
2007 Applebee’s Lactivist Nurse-in,2016-04-22
Indian women's football league,2016-04-22
Evdokiia Nagródskaia,2016-04-22
Aida-Cruz Del Rosario,2016-04-22
Aima Rosmy Sebastian,2016-04-22
Cory Matthews (character),2016-04-22
Imani Boyette,2016-04-22
Sarjana Sharma,2016-04-22
Jim Welch (stage manager),2016-04-22
2015–16 Eastern Michigan Eagles women's basketball team,2016-04-22
"State Reform Party candidates, 2016 Sarawak state election",2016-04-22
Simi (singer),2016-04-22
Ending Garment Factory Deathtraps 2013,2016-04-22
Wom-Po,2016-04-22
Stay-at-home daughter,2016-04-22
Andover War Memorial Hospital,2016-04-22
Julia Duin,2016-04-22
Chen Jin (painter),2016-04-22
Harigarh,2016-04-22
Johnson v. Transportation Agency,2016-04-22
Apar,2016-04-22
Wei Li (athlete),2016-04-22
Liz Hogan,2016-04-22
Wedlock of the Gods,2016-04-22
Ivanna Klympush-Tsintsadze,2016-04-22
Evelyn Wanjiru,2016-04-22
Aurélie Coulaud,2016-04-22
Michelle Tumolo,2016-04-22
Natalia Toreeva,2016-04-22
"Barisan Nasional candidates, 2016 Sarawak state election",2016-04-22
2015–16 Western Michigan Broncos women's basketball team,2016-04-22
Voice Theatre,2016-04-22
Jane Aaron (educator),2016-04-22
Esther Lewis (poet),2016-04-22
Vinod Joshi,2016-04-22
Shakespeare Ladies Club,2016-04-22
Sixth Work San Fedele,2016-04-22
Mrs H. Cartwright,2016-04-22
The Good Fruit of the Earth,2016-04-22
Jhok Sarkari,2016-04-22
Brie Bella (wrestler),2016-04-22
Nikki Bella (wrestler),2016-04-22
Harriet Tubman Day,2016-04-22
Birds in music,2016-04-22
Amy Ippoliti,2016-04-22
Antonella Anedda,2016-04-22
Margaret Bevan,2016-04-22
Annie Abernethie Pirie Quibell,2016-04-20
Winifred Sanford,2016-04-20
Jo Miller,2016-04-20
"A Couple of Poor, Polish- Speaking Romanians",2016-04-20
Henry Harrison Chase Dunwoody,2016-04-20
Dress Suits to Hire,2016-04-19
Human rights violations during the Yemeni Civil War (2015-present),2016-04-19
Cecily Boulstred,2016-04-19
David Crews,2016-04-18
Crowell Collier Publishing Company,2016-04-17
Human rights in the Marshall Islands,2016-04-14
Lourdes Villagomez,2016-04-11
Former Municipal Theatre in Bydgoszcz,2016-04-09
Louise Crow,2016-04-06
Capital Punishment in Bangladesh,2016-04-06
Oneda Maryon Castillo,2016-04-06
Terranova Homes & Care Limited v Service and Food Workers Union Nga Ringa Tota Incorporated,2016-04-06
The Book of Human Insects,2016-04-05
Teenage Dick,2016-04-05
Hara Estroff Marano,2016-04-04
Shelly Grabe,2016-04-03
Mamie Phipps Clark,2016-03-30
Sadiel Cuentas,2016-03-29
Miranda Lichtenstein,2016-03-29
Melanie Bonajo,2016-03-25
Brooklawn Country Club,2016-03-22
Toni Ann Johnson,2016-03-12
Mónica Lavín,2016-03-10
The creation of the violin,2016-03-01
Paige Williams (artist),2016-02-29
Patterns in the menstrual cycle,2016-02-27
Jamin Shah,2016-02-26
Jacques Imbrailo,2016-02-24
Raunch aesthetics,2016-02-24
Queens of Hip Hop,2016-02-23
Rubén Espinosa,2016-02-22
Bwizamani Singh,2016-02-21
Sabina Sehgal Saikia,2016-02-21
Evelyn Brooks Higginbotham,2016-01-31
Terry Braunstein (artist),2016-01-30
Gail Laughlin,2016-01-27
Gender-responsive prisons,2016-01-26
Diane Felix,2016-01-26
Marion C. Goodall,2016-01-26
Cheryl Diaz Meyer,2016-01-26
Ruqia Hassan,2016-01-16
Ruth Sato Reinhardt,2015-12-26
January 1915,2015-11-11
Cherylanne DeVita,2015-10-26
Joseph N. McCormack,2015-09-14
Sonya Lea,2015-09-13
Amazone zu Pferde (Tuaillon),2015-07-19
Tracie Collins,2015-04-30
San Marino at the 2016 Summer Olympics,2015-03-21
Beach volleyball at the 2016 Summer Olympics – Women's tournament,2015-03-02
Mary Spiller,2014-10-28
List of female Heroes of the Soviet Union,2014-09-06
Susan Margaret Watkins,2014-05-04
Lindsey Dryden,2013-12-22
Badrunnesa Dalia,2013-09-30
Elizabeth Haynes (crime writer),2013-05-23
Dawn Wilkinson,2013-05-07
Merah Putih (2009 film),2012-07-15
Fisher v. University of Texas (2013),2012-03-08
Charles Nalder Baeyertz,2012-02-10
Mónica González (dancer),2011-10-27
Heart of a Woman (Etta James album),2011-08-23
Narcis Iustin Ianău,2011-02-22
Pat Baker (soccer),2010-11-28
Doriot Anthony Dwyer,2010-05-29
Gemma Booth,2010-01-22
Sooreh Hera,2008-02-23
Paul Patterson (composer),2005-09-28
Jon Snow (journalist),2004-03-03
