Anuja Kapur,missing
Amy Chapman (Attorney),missing
Sammy Samir,missing
Mpho khitsane,missing
PISE,missing
Ire'ne lara silva,2016-06-02
Simon Gilbert (tenor),2016-06-01
Bunmi Olusona,2016-06-01
Kate Tupper Galpin,2016-06-01
Bronx Academy of Arts and Dance,2016-06-01
Nancy Paterson (artist),2016-06-01
Carly Paoli,2016-06-01
Sarina Wiegman,2016-06-01
Pen Dalton (artist),2016-06-01
Sound of Home,2016-06-01
Shyama Prasad Mukherji College,2016-06-01
Justin Renquist,2016-06-01
Mary Sachs,2016-06-01
Jung Mina,2016-06-01
Efrat Shvily,2016-06-01
Stella Dadzie,2016-06-01
Katherine Barrell,2016-06-01
Munnar Plantation strike 2015,2016-06-01
Marguerite Horner,2016-06-01
Blake Dietrick,2016-06-01
Grace Kodindo,2016-06-01
Angela Vithoulkas,2016-06-01
Zara'a massacre,2016-06-01
Béatrice Bulteau,2016-06-01
A La Carte (group),2016-06-01
L'Argia,2016-06-01
Elizabeth Cobbs,2016-06-01
Alma del Banco,2016-05-31
Mahsa Abdolzadeh,2016-05-31
Rhonda Brady,2016-05-31
Rich Berra,2016-05-31
Judith Tucker (artist),2016-05-31
Red Fez,2016-05-31
Erika Berger,2016-05-31
Ebagoola Township and Battery,2016-05-31
ACTA Awards of 2016,2016-05-31
Women of Paris,2016-05-31
Pillsbury Point State Park,2016-05-31
Martha Sonntag Bradley-Evans,2016-05-31
Maynard '62,2016-05-31
Georges Douay,2016-05-31
Lyman S. Ayres II,2016-05-31
Francis Tourte,2016-05-31
Afontova Gora,2016-05-31
Jin Yinji,2016-05-31
SBRR Mahajana First Grade College,2016-05-31
Elegy (Corigliano),2016-05-31
George Crowe (ice hockey),2016-05-31
William Carey International University,2016-05-31
Kitty Bugge,2016-05-31
Peggy Antrobus,2016-05-31
Canyonview Aquatic Center,2016-05-31
Lulwah Al-Homoud,2016-05-31
Mazahir Rahim,2016-05-31
Israel women's national under-17 basketball team,2016-05-31
Megumi Ōhara,2016-05-31
St. Matthew's High School,2016-05-31
2016–17 Georgia State Panthers women's basketball team,2016-05-31
Aniara (disambiguation),2016-05-31
Latifa Echakhch,2016-05-31
Nerida Wilson,2016-05-31
Bärbel Martin,2016-05-31
Nduku Kilonzo,2016-05-31
Sevda Altınoluk,2016-05-31
2016 Sun Belt Conference Women's Basketball Tournament,2016-05-31
Najia Mehadji,2016-05-31
Beautiful Mind (TV series),2016-05-31
Vakpati Munja,2016-05-31
2015–16 Troy Trojans women's basketball team,2016-05-31
2015–16 Arkansas–Little Rock Trojans women's basketball team,2016-05-31
Bharati College,2016-05-31
Minori Suzuki,2016-05-31
Blanvalet,2016-05-31
Tori Foster,2016-05-31
Frederick M. Ayres Sr.,2016-05-31
Taymon Domzalski,2016-05-30
United Methodist Women,2016-05-30
Mossman District Hospital,2016-05-30
Ismael Mire International Airport,2016-05-30
J. Mary Taylor,2016-05-30
Mubashir Malik,2016-05-30
Susan Konig,2016-05-30
Musin-Pushkin House (Saint Petersburg),2016-05-30
Hanna Sobachko-Shostak,2016-05-30
Eve Sonneman,2016-05-30
British Journal of Occupational Therapy,2016-05-30
Nancy H. Hensel,2016-05-30
Ruth Peterson,2016-05-30
Helen Fricker,2016-05-30
Nelle A. Coley,2016-05-30
Miguel Blay,2016-05-30
Ozoda Rahmon,2016-05-30
Art & Aesthetics,2016-05-30
Israel women's national under-19 basketball team,2016-05-30
Arjan van der Laan,2016-05-30
Chevalier d'Herbain,2016-05-30
Mathilde Juncker,2016-05-30
Charlotte Dobson,2016-05-30
Sarah Mohanna Al Abdali,2016-05-30
Jane Fawcett,2016-05-30
Woman's Parliament of Southern California,2016-05-30
Dawn Nicole Macandili,2016-05-30
Ernest Bourget,2016-05-30
Jeanne Mandello,2016-05-30
Mary Pownall,2016-05-30
Susie Hamilton (artist),2016-05-30
Tom Clonan,2016-05-30
Harvard College Opera,2016-05-30
Pretham,2016-05-30
Hannah Barnett-Trager,2016-05-30
Priyanka Bakaya,2016-05-30
Thecla Schiphorst,2016-05-30
Marie Kundt,2016-05-30
Rachel Caroline Eaton,2016-05-30
Mogens Amdi Petersen,2016-05-30
List of people from Perm,2016-05-30
2016–17 Virginia Cavaliers women's basketball team,2016-05-30
Kamala Ibrahim,2016-05-30
Rough Housing (The Facts of Life),2016-05-30
Stefy Patel,2016-05-30
List of pro-life organizations in the United States,2016-05-30
Toni Mau,2016-05-30
Lisa Markwell,2016-05-30
Sandra Cauffman,2016-05-30
Sophie Ainsworth,2016-05-30
Judith Pintar,2016-05-30
Bhungroo,2016-05-30
Kyra Tirana Barry,2016-05-30
Charlotte Hanmann,2016-05-30
Yvette Troispoux,2016-05-29
Wanda von Debschitz-Kunowski,2016-05-29
Carol Mann (artist),2016-05-29
Fundación Mujeres en Igualdad,2016-05-29
Lette-Verein,2016-05-29
Fifi Cooper,2016-05-29
Blue Balcita,2016-05-29
Lyubov Smolka,2016-05-29
Women of Wonder,2016-05-29
Mary Joy Baron,2016-05-29
Gwen Berry,2016-05-29
Kylie Hutson,2016-05-29
Desiré du Plessis,2016-05-29
When Women Rule,2016-05-29
Hajar Ali,2016-05-29
Vlad Dracul House,2016-05-29
Michael Banda,2016-05-29
Phoebe Robinson,2016-05-29
Sharon E. McKay,2016-05-29
Inger Hanmann,2016-05-29
Florence Akins,2016-05-29
Sherryl Jordan,2016-05-29
United Progressive Party (USA),2016-05-29
Belén Casetta,2016-05-29
Peg's Paper,2016-05-29
Barbara Marchisio,2016-05-29
Carlotta Marchisio,2016-05-29
Chopin and his Europe,2016-05-29
Anna Schepeler-Lette,2016-05-29
Julia Richman,2016-05-29
Fisher’s Ghost,2016-05-29
The Geek Feminist Revolution,2016-05-29
Joe Vaux,2016-05-29
Jewish Women’s Congress,2016-05-29
Riffat Arif,2016-05-29
Stepan Petrovich Beletsky,2016-05-29
Pauline Guéymard-Lauters,2016-05-29
Larissa Sansour,2016-05-29
2016–17 SMU Mustangs women's basketball team,2016-05-29
2016–17 Louisville Cardinals women's basketball team,2016-05-29
2016–17 East Carolina Pirates women's basketball team,2016-05-29
2014–15 Ohio Bobcats women's basketball team,2016-05-29
Joshua Ives,2016-05-29
Joy Nwosu Lo-Bamijoko,2016-05-29
Silvia Madetzky,2016-05-28
Atria Institute on gender equality and women's history,2016-05-28
Laurie Langford,2016-05-28
Joaquín Manglano y Cucaló,2016-05-28
Lynn Hughes (artist),2016-05-28
Malekeh Nayiny,2016-05-28
Barbara Mandel,2016-05-28
Yu Lianquan,2016-05-28
Paige Nielsen,2016-05-28
Vocalise (Corigliano),2016-05-28
Ashleigh Gentle,2016-05-28
Lorraine Mooney,2016-05-28
Murder of Li Yangjie,2016-05-28
Julio Cesar Pino,2016-05-28
Mireille Kassar,2016-05-28
Natalia Buchynska,2016-05-28
Rachel Rose (artist),2016-05-28
Bettie Cadou,2016-05-28
Gaëlle Ghesquière,2016-05-28
Tunde & Wunmi Obe,2016-05-28
Turkistan Islamic Party in Syria,2016-05-28
Stanislas Champein,2016-05-28
Tutty Alawiyah,2016-05-28
Kerryn Harrington,2016-05-28
Clara (opera),2016-05-28
Bishopslea Preparatory School,2016-05-28
Vanessa Grimm,2016-05-28
Teresa Prekerowa,2016-05-28
Aneta Tejralová,2016-05-28
Gypsy (Pakistani TV series),2016-05-28
2016–17 St. Bonaventure Bonnies women's basketball team,2016-05-28
Philip Venables,2016-05-28
Methodist Girls High School,2016-05-28
Rula Halawani,2016-05-28
Antoinette Ockerse,2016-05-28
"Royal Marine Barracks, Chatham",2016-05-28
Caitlin O'Connor,2016-05-28
Beata Bergström,2016-05-28
Bertha Katscher,2016-05-28
Ana Sokolovic,2016-05-28
2016–17 Utah Utes women's basketball team,2016-05-28
List of Usher live performances,2016-05-28
Female genital mutilation in Nigeria,2016-05-28
Rotrude of Hesbaye,2016-05-28
Fallacies series,2016-05-28
Volodymyr Babaiev,2016-05-28
Louise Herschman Mannheimer,2016-05-28
Wang Weixing,2016-05-28
Çağla Baş,2016-05-28
Zubaida Bai,2016-05-28
Catherine Anderson (scientist),2016-05-28
Thenmozhi Soundararajan,2016-05-28
Leo Hussain,2016-05-28
All India Dalit Mahila Adhikar Manch,2016-05-28
Emma Nyra,2016-05-28
Eamonn O'Kane (trade unionist),2016-05-28
Hercilia Fernández de Mujía,2016-05-28
Nisha Rawal (taekwondo),2016-05-27
Amanda Hodgkinson,2016-05-27
Hermance Lesguillon,2016-05-27
Marcella Arguello,2016-05-27
Quatre poèmes hindous,2016-05-27
Josephine Lazarus,2016-05-27
Pushpalata Das,2016-05-27
Public Security Directorate,2016-05-27
Rias Gremory,2016-05-27
Lola Romanucci-Ross,2016-05-27
Léon de Wailly,2016-05-27
Mercedes Matias-Santiago,2016-05-27
Susan Tolchin,2016-05-27
List of School Sisters of Notre Dame school alumni,2016-05-27
"Vishvanatha Temple, Khajuraho",2016-05-27
Jean-Pierre Lesguillon,2016-05-27
Françoise Foning,2016-05-27
2016–17 Texas Tech Lady Raiders basketball team,2016-05-27
Mona Awad,2016-05-27
2016–17 Ole Miss Rebels women's basketball team,2016-05-27
Smilja Marjanović-Dušanić,2016-05-27
2016–17 Oklahoma State Cowgirls basketball team,2016-05-27
Kołłątaja street in Bydgoszcz,2016-05-27
Shereen Audi,2016-05-27
Healing lodge,2016-05-27
Dorothy Cayley,2016-05-27
Saba Masoumian,2016-05-27
Eylem Aladogan,2016-05-27
Instituto Mayor Campesino,2016-05-27
Joan Freeman (Irish politician),2016-05-27
Hank Bull,2016-05-27
Jayanthi Kuru-Utumpala,2016-05-27
2016–17 Missouri Tigers women's basketball team,2016-05-27
2016–17 Kentucky Wildcats women's basketball team,2016-05-27
2016 Women's Youth World Handball Championship,2016-05-27
Mari Bastashevski,2016-05-27
1973 Virginia Slims of Denver,2016-05-27
Aysel Özgan,2016-05-27
Nina Tandon,2016-05-27
Niniola,2016-05-27
Mavis Thorpe Clark,2016-05-27
Olga Fedorovich,2016-05-26
Ayşegül Pehlivanlar,2016-05-26
Baltimore Ride,2016-05-26
Nayanjot Lahiri,2016-05-26
Barbara franchin,2016-05-26
Charles de La Rounat,2016-05-26
Lina Jonn,2016-05-26
Philadelphia Force (UWLX),2016-05-26
George Loder,2016-05-26
Caileigh Filmer,2016-05-26
Praya Lundberg,2016-05-26
Carmen Muñoz,2016-05-26
Curling at the 2003 Asian Winter Games – Women's team,2016-05-26
Amazing Stories Quarterly,2016-05-26
Winifred Smith,2016-05-26
Danialle Karmanos,2016-05-26
Dreamcatcher by Roheena Zehra,2016-05-26
Elaine Abraham,2016-05-26
Rasa Žemantauskaitė,2016-05-26
Garima Sanjay,2016-05-26
Jules Duprato,2016-05-26
Emma Gamboa Alvarado,2016-05-26
Texas Equal Rights Association,2016-05-26
Zarela Villanueva Monge,2016-05-26
Evangelical Methodist Church in Argentina,2016-05-26
Everything relative,2016-05-26
泰安村,2016-05-26
Louise-Thérèse de Montaignac de Chauvance,2016-05-26
Rita Harradence,2016-05-26
Long Island Sound (UWLX),2016-05-26
List of Special economic zones,2016-05-26
Latin music in Canada,2016-05-26
Abby Stein,2016-05-26
La Faraona,2016-05-26
Freedom Nyamubaya,2016-05-26
Varteni Mosdichian,2016-05-26
Diane Landry,2016-05-26
Same-sex marriage in Colima,2016-05-26
Kutchi Leva Patel Community : Sangharshgaatha,2016-05-26
Hélène Carendi,2016-05-26
Martha Asahi,2016-05-26
Hurt You (song),2016-05-26
Ingrid Bachmann,2016-05-26
Jenna Rose Simon,2016-05-26
Jennifer Bishop,2016-05-26
Joelle Tuerlinckx,2016-05-26
Madhur Anand,2016-05-25
Jim Barnett (Announcer),2016-05-25
Motobirds,2016-05-25
Jessica Mah,2016-05-25
Robyn Schiff,2016-05-25
Zariah Avana (Entertainer),2016-05-25
Basketball in Lithuania,2016-05-25
Julia Baird (journalist),2016-05-25
Semane Setlhoko Khama,2016-05-25
Jeane Porter Hester,2016-05-25
Helen Sloan,2016-05-25
Webe Kadima,2016-05-25
Megs McLean,2016-05-25
Jane Platt,2016-05-25
Sarajevski Otvoreni Centar,2016-05-25
Candace Barley,2016-05-25
Marie de L'Épinay,2016-05-25
Carlena Britch,2016-05-25
Ivy Gardner Proudfoot,2016-05-25
"Notre Dame High School, Northampton",2016-05-25
Kattarpanthy,2016-05-25
Heather Engebretson,2016-05-25
Claudia Huckle,2016-05-25
History of German women,2016-05-25
May Booth Talmage,2016-05-25
Birgitta Sif,2016-05-25
Mathilda Ranch,2016-05-25
2016 in combat sports,2016-05-25
Legal affairs of Donald Trump,2016-05-25
Matabeleland South Volleyball Association,2016-05-25
Bess Norriss,2016-05-25
Vlada Borovko,2016-05-25
Lisa Fattah,2016-05-25
Lauren Fagan,2016-05-25
Daphne Haldin,2016-05-25
Gloria Arellanes,2016-05-25
Justine Picardie,2016-05-25
Mary MacArthur,2016-05-25
Xiao Ruipu,2016-05-25
Barbra Roylance Williams,2016-05-25
List of mosquitoes of Sri Lanka,2016-05-25
Salomea Deszner,2016-05-25
List of people from Yekaterinburg,2016-05-25
Fatimé Dordji,2016-05-25
2016–17 Purdue Boilermakers women's basketball team,2016-05-25
Marianna Franciszka Pierożyńska,2016-05-25
The Sword Dance,2016-05-25
Elizabeth Arnold Ripper,2016-05-25
Emily Morley,2016-05-25
List of roles and awards of Melanie Laurent,2016-05-25
Diana Dadashova,2016-05-25
Time of Fallen Blossoms,2016-05-25
Candice Massiah,2016-05-25
Pol Mercier,2016-05-24
Princess Ibini-Isei,2016-05-24
Esteri Tebandeke,2016-05-24
Fatma Betül Sayan Kaya,2016-05-24
You Zhang,2016-05-24
Rouen Philharmonic Orchestra,2016-05-24
The Swan (Baudelaire),2016-05-24
Degrassi: Next Class (season 2),2016-05-24
Debjani Ghosh,2016-05-24
Gillian Tans,2016-05-24
The Baroness Von Sketch Show,2016-05-24
Agnes Allafi,2016-05-24
2016–17 Indiana Hoosiers women's basketball team,2016-05-24
"Goddesses, Whores, Wives, and Slaves",2016-05-24
Amal Al Qubaisi,2016-05-24
Handan Biroğlu,2016-05-24
Rosemary Candlin,2016-05-24
Matt Hollywood (illusionist),2016-05-24
Works inspired by The Magic Flute,2016-05-24
Rose Mandel,2016-05-24
Inola Henry,2016-05-24
Ola Hejazi,2016-05-24
Chou Chinghui,2016-05-24
Samson (Regina Spektor song),2016-05-24
James P. deWolfe,2016-05-24
Karen B. Stewart,2016-05-24
Aysel Çelikel,2016-05-24
Alphonse Thys,2016-05-24
Schwiegertochter gesucht,2016-05-24
Jessica Landseer,2016-05-24
Leeah Joo,2016-05-24
Lilly McElroy,2016-05-24
2001 United Kingdom Championships in Athletics,2016-05-24
Patricia Veryan,2016-05-24
2016–17 Alabama Crimson Tide women's basketball team,2016-05-23
Birgit Jürgenssen,2016-05-23
Best Of British,2016-05-23
List of Austrian women photographers,2016-05-23
Seven (play),2016-05-23
British Virgin Islands women's national basketball team,2016-05-23
Sports on Fire,2016-05-23
Two Men and Two Women Amongst Them,2016-05-23
LouAnn Gerken,2016-05-23
Nasir al-Din Muhammad Qarlugh,2016-05-23
Camerino Without a Folding Screen,2016-05-23
Jess Andrews,2016-05-23
Juliet Sargeant,2016-05-23
Fidelio (TV play),2016-05-23
Mind Reading (short story),2016-05-23
Anglican Group for the Ordination of Women to the Historic Ministry,2016-05-23
Carmen Pujals,2016-05-23
Sofana R. Dahlan,2016-05-23
Ye Shengzhang,2016-05-23
2015–16 Southeastern Louisiana Lady Lions basketball team,2016-05-23
Jacqueline Williams,2016-05-23
Yang Baosen,2016-05-23
Kelly Keiderling,2016-05-23
Chronology of the Boy Scouts of the Philippines,2016-05-23
André Laug,2016-05-23
Isabella Fisher Hospital,2016-05-23
Amy Bess Miller,2016-05-23
Xi Xiaobo,2016-05-23
Rowena Bradley,2016-05-23
Jean-Luc Lagarce,2016-05-23
Tan Fuying,2016-05-23
Jin Shaoshan,2016-05-23
Danny Robinson,2016-05-23
Charlotte Brandström,2016-05-23
2016 World Modern Pentathlon Championships – Women's relay,2016-05-23
Li Shaochun,2016-05-23
Aditya J Patwardhan,2016-05-23
Ruth McDowall,2016-05-23
Aboriginal Housing Victoria,2016-05-23
Dialogues in Clinical Neuroscience,2016-05-23
Jo Baker (writer),2016-05-23
Ana María Groot,2016-05-23
Early History of Scouting in the Philippines,2016-05-23
Ma Fulu (actor),2016-05-23
Hande Berktan,2016-05-23
Leila Luik,2016-05-23
Ma Lianliang,2016-05-23
2016–17 Arkansas Razorbacks women's basketball team,2016-05-23
Les Craig,2016-05-23
Rita Marcotulli,2016-05-23
M. Sarada Menon,2016-05-23
Suzannah Harvey,2016-05-23
2016–17 Kansas State Wildcats women's basketball team,2016-05-23
Toni Myers,2016-05-23
Eugenia Maria Ravasco,2016-05-23
Pittsburgh Railway Riots,2016-05-23
Unnecessary Trouble,2016-05-23
Louise Gopher,2016-05-23
Tang Yunsheng,2016-05-23
Anne Winterer,2016-05-23
The Industrial Revolution in the United States,2016-05-23
Princess Nazli Fazıl,2016-05-23
The Witch (song),2016-05-23
2016–17 Portland State Vikings women's basketball team,2016-05-23
The Legion Like Women,2016-05-23
Zhao Tongshan,2016-05-23
Lohaynny Vicente,2016-05-22
Fight Like a Girl (Kalie Shorr song),2016-05-22
Timeline of women's legal rights in the United States (other than voting),2016-05-22
Fashion History Throughout 1950s,2016-05-22
Caroline Ithurbide,2016-05-22
Tina Woodley,2016-05-22
The Shining (opera),2016-05-22
List of Diablo novels,2016-05-22
Emma Robinson (New Zealand swimmer),2016-05-22
List of Archaeological Protected Monuments in Matara District,2016-05-22
Richa Nagar,2016-05-22
Elisha Krauss,2016-05-22
Tiina Lymi,2016-05-22
Meta Buring,2016-05-22
Elizabeth Reifsnyder,2016-05-22
Marie-Thérèse Laruette,2016-05-22
Sabah Naim,2016-05-22
Xiang Hengqing,2016-05-22
Dóra Danics,2016-05-22
Adelaide Women's Club,2016-05-22
Helena Gasson,2016-05-22
Dawn Fitzpatrick,2016-05-22
Akhepatar,2016-05-22
2016 Sweden riots,2016-05-22
Dallas Equal Suffrage Association,2016-05-22
Dimitra Papadopoulou,2016-05-22
Cornelia Petty Jerman,2016-05-22
Stephanie Sarley,2016-05-22
Ordo Sancti Stanislai,2016-05-22
Elaine Haxton,2016-05-22
Iris Wang,2016-05-22
May Who?,2016-05-22
Kelly Nelon Clark,2016-05-22
Christine A. Elder,2016-05-22
2016 IAAF Hammer Throw Challenge,2016-05-22
Angela Jackson (writer),2016-05-22
2015–16 Texas A&M–Corpus Christi Islanders women's basketball team,2016-05-22
Memorials to the Grand Army of the Republic,2016-05-22
Cayman Islands women's national under-17 basketball team,2016-05-22
2015–16 Incarnate Word Cardinals women's basketball team,2016-05-22
Veena George,2016-05-22
2015 IAAF Hammer Throw Challenge,2016-05-22
2014 IAAF Hammer Throw Challenge,2016-05-22
2013 IAAF Hammer Throw Challenge,2016-05-22
Charles Duveyrier,2016-05-22
Mirabile (novel),2016-05-22
Bernolák language,2016-05-22
British Indoor Athletics Championships,2016-05-22
2012 IAAF Hammer Throw Challenge,2016-05-22
2011 IAAF Hammer Throw Challenge,2016-05-22
Brigida Morello Zancano,2016-05-22
2006 WDF Europe Cup,2016-05-22
List of Chinese women photographers,2016-05-22
History of women in the United Kingdom,2016-05-22
Rie Matsumoto,2016-05-21
Luo Yang (photographer),2016-05-21
2008 WDF Europe Cup,2016-05-21
2010 WDF Europe Cup,2016-05-21
Zefirino Agostini,2016-05-21
Ellen Huntly Bullard Mason,2016-05-21
Enid Moodie Heddle,2016-05-21
Shapoorji Pallonji Cricket Ireland Academy,2016-05-21
Yuri Ohochinsky,2016-05-21
"Statue of Saint Anne, Charles Bridge",2016-05-21
Evette de Klerk,2016-05-21
Margaret Williamson Hospital,2016-05-21
"Statues of Madonna, Saint Dominic and Thomas Aquinas, Charles Bridge",2016-05-21
"Statues of Madonna and Saint Bernard, Charles Bridge",2016-05-21
Japanese Journal of Clinical Oncology,2016-05-21
"Statues of Saints Barbara, Margaret and Elizabeth, Charles Bridge",2016-05-21
Jane Hamilton-Merritt,2016-05-21
Diane Teel,2016-05-21
Rose Sidgwick,2016-05-21
Deborah L. Birx,2016-05-21
Erica Baum,2016-05-21
Woman's Union Missionary Society of America for Heathen Lands,2016-05-21
Sept haï-kaïs,2016-05-21
Danell Lynn,2016-05-21
Kern government,2016-05-21
List of awards and nominations received by Jesse Eisenberg,2016-05-21
Flora Rose,2016-05-21
Queeny Sabobo,2016-05-21
Mitchell Opera House,2016-05-21
Dodi Tabbaa,2016-05-21
Lyndsey Parker,2016-05-21
Agnes Nyblin,2016-05-21
Catherine Helen Spence Memorial Scholarships,2016-05-21
Andrew King (professor),2016-05-21
Hira Public School,2016-05-21
List of New Zealand women photographers,2016-05-21
"Hilary King, MBE",2016-05-21
Anka Lambreva,2016-05-21
Annerose Schmidt,2016-05-21
Georgia Ward,2016-05-21
Argos Downtown Historic District,2016-05-21
Nicola Shulman,2016-05-21
BET Awards 2016,2016-05-21
The River Beyond the World,2016-05-21
"Tarlac City local elections, 2016",2016-05-20
Murder of Niklas P.,2016-05-20
Veeraporn Nitiprapha,2016-05-20
Gussie Nell Davis,2016-05-20
Liliane de Cock,2016-05-20
Aya Haidar,2016-05-20
Bhikampur and Datawali (Aligarh) State,2016-05-20
Antoine Banès,2016-05-20
Valmai Gee,2016-05-20
List of Mount Everest records of India,2016-05-20
Nick Curson,2016-05-20
Gil-Pérès,2016-05-20
Aleksandra Kulicheva,2016-05-20
Galina Sanko,2016-05-20
Champion Christian College,2016-05-20
Petra Daňková,2016-05-20
Vishv Books,2016-05-20
Co'Motion Dance Theater,2016-05-20
Rasana Atreya,2016-05-20
Else Seifert,2016-05-20
Codsheath Hundred,2016-05-20
Match Made In Heaven (TV series),2016-05-20
Katerina Keyru,2016-05-20
Samalie matovu,2016-05-20
Susan P. Coppedge,2016-05-20
Mary Alice Powell Lindsay,2016-05-20
2016 Aegon International,2016-05-20
XEBBB-AM,2016-05-20
Hripsime Simonyan,2016-05-20
Faanya Rose,2016-05-20
Edith Philip Smith,2016-05-20
2015–16 Sam Houston State Bearkats women's basketball team,2016-05-20
Ekaterina Ruzanova,2016-05-20
Huda Totonji,2016-05-20
Hulda Marie Bentzen,2016-05-20
Eulalie Dawson,2016-05-20
John Carew (sprinter),2016-05-20
Zpověď zapomenutého (Confession of the Vanished),2016-05-20
Natalia Leite,2016-05-19
Eric Womack,2016-05-19
Louise Abel,2016-05-19
Lucienne Velu,2016-05-19
Madelene Sagström,2016-05-19
Our Lady of Apostles (OLA) College of Education,2016-05-19
Maria Antonia Merkelbach,2016-05-19
Olga Mohr,2016-05-19
Track and field at the 2015 Military World Games – Women's 400 metres,2016-05-19
Elisabeth Helmer,2016-05-19
Track and field at the 2015 Military World Games – Women's 3000 metres steeplechase,2016-05-19
Track and field at the 2015 Military World Games – Women's 4 × 100 metres relay,2016-05-19
Jenny Bossard-Biow,2016-05-19
Girl with a Monkey,2016-05-19
Oksana Zakalyuzhnaya,2016-05-19
FULRO insurgency against Vietnam,2016-05-19
Track and field at the 2015 Military World Games – Women's 4 × 400 metres relay,2016-05-19
Track and field at the 2015 Military World Games – Women's 5000 metres,2016-05-19
Jane Lindholm,2016-05-19
Pakistan at the 2016 Summer Olympics,2016-05-19
Track and field at the 2015 Military World Games – Women's 800 metres,2016-05-19
Parvaneh Mafi,2016-05-19
Ana Casas Broda,2016-05-19
Scottish Women's Football Annual Awards,2016-05-19
Parvaneh Salahshouri,2016-05-19
Track and field at the 2015 Military World Games – Women's discus throw,2016-05-19
2014 WDF Europe Cup,2016-05-19
Track and field at the 2015 Military World Games – Women's hammer throw,2016-05-19
Jen-ni Yang,2016-05-19
Mohammad Hotak,2016-05-19
Women's Lives,2016-05-19
Track and field at the 2015 Military World Games – Women's 200 metres,2016-05-19
"Santa Maria della Pietà, Palermo",2016-05-19
2015–16 McNeese State Cowgirls basketball team,2016-05-19
Abortion in Oklahoma,2016-05-19
Balsan (Company),2016-05-19
Track and field at the 2015 Military World Games – Women's high jump,2016-05-19
"Wemyss, Fife",2016-05-19
Track and field at the 2015 Military World Games – Women's 1500 metres,2016-05-19
Track and field at the 2015 Military World Games – Women's javelin throw,2016-05-19
Track and field at the 2015 Military World Games – Women's 100 metres hurdles,2016-05-19
Kan 2,2016-05-19
Track and field at the 2015 Military World Games – Women's long jump,2016-05-19
City of the Lost,2016-05-19
McElhinny House,2016-05-19
Naan Petha Magane,2016-05-19
Violet Plummer,2016-05-19
Mehwish Khan,2016-05-19
Status and conservation of the golden eagle,2016-05-19
Augusta Solberg,2016-05-19
Subrat Sahoo,2016-05-19
Track and field at the 2015 Military World Games – Women's 100 metres,2016-05-19
The Sisterhood: Becoming Nuns,2016-05-19
Karine Nahon,2016-05-19
Track and field at the 2015 Military World Games – Women's marathon,2016-05-19
Théodore Nézel,2016-05-19
Track and field at the 2015 Military World Games – Women's shot put,2016-05-19
Track and field at the 2015 Military World Games – Women's triple jump,2016-05-19
Sarah Mian,2016-05-19
Mona Saudi,2016-05-19
Track and field at the 2015 Military World Games – Women's 400 metres hurdles,2016-05-19
Glasgow University B.C.,2016-05-18
Moira Keenan,2016-05-18
Kate French (modern pentathlete),2016-05-18
Samantha Maiden,2016-05-18
Truth Tour,2016-05-18
2016–17 Clemson Tigers women's basketball team,2016-05-18
Mint (song),2016-05-18
Robert L. DeWitt,2016-05-18
Mimi Hafida,2016-05-18
Sybil Shainwald,2016-05-18
Sonja Vectomov (sculptor),2016-05-18
Silvia Mitova,2016-05-18
Eurasia Pacific Boxing Council,2016-05-18
Irena Blühová,2016-05-18
Sumita Misra (IAS officer),2016-05-18
Sujini embroidery work of Bihar,2016-05-18
Kurt R. Eissler,2016-05-18
AI & Society,2016-05-18
Christine Meeusen,2016-05-18
Amy Greenbank,2016-05-18
List of awards and nominations received by Parks and Recreation,2016-05-18
Colette Crabbé,2016-05-18
Elena Kaplinskaya,2016-05-18
Moira Whyte,2016-05-18
Helen Dohlmann,2016-05-18
2015–16 Stephen F. Austin Ladyjacks basketball team,2016-05-18
Jayma Cardoso,2016-05-18
Ippolito Bentivoglio,2016-05-18
Albert Millaud,2016-05-18
Andrea Star Reese,2016-05-18
Marie Bleck,2016-05-18
Mary Mostert,2016-05-18
Lenchu Kunzang,2016-05-18
Josceline Dimbleby,2016-05-18
"Adrianna Papell, LLC",2016-05-18
Dittal Abro,2016-05-18
Are You The One,2016-05-18
Pamela Hamamoto,2016-05-18
Hope fraction,2016-05-18
Lawrence M. Kahn,2016-05-18
Anne-Gaëlle Retout,2016-05-18
Mark D. Jordan,2016-05-18
Anna-Lisa Thomson,2016-05-18
Scottish Women's Football Coach of the Year,2016-05-18
Alexandra Handal,2016-05-18
Hilde Neumann,2016-05-18
Adeline Boutain,2016-05-18
Lucia Olofintytär,2016-05-18
Shaun Leane (jeweller),2016-05-18
Elisa Quintana,2016-05-18
Anais Oyembo,2016-05-18
Maya Blagoeva,2016-05-18
Erin Pettit,2016-05-17
Marcela Temer,2016-05-16
Maria do Ceo,2016-05-13
Deirdre Breakenridge,2016-05-12
Ayumi Horie,2016-05-11
James Allen Gähres,2016-05-11
Julie Elston,2016-05-11
Marie de Romieu,2016-05-10
"Gimnazjalna, Libelta and Szwalbego Streets in Bydgoszcz",2016-05-07
Phoebe Chapple,2016-05-07
Regis College Center for Service Learning,2016-05-04
Eleonora Ramirez di Montalvo,2016-05-04
Gender-specific prison programming in the United States,2016-05-04
Aubrey Logan,2016-05-04
Reproduction and life cycle of the golden eagle,2016-05-04
Mary Wandesford,2016-05-03
Constance de Rabastens,2016-05-03
Female prison officers,2016-05-03
Sally Dixon,2016-05-02
Camilla Erculiani,2016-05-01
Nadia Kaabi-Linke,2016-04-30
Lucite Tokki,2016-04-30
Helen Lucas,2016-04-30
Eleanor Mosley,2016-04-28
Una Hanbury,2016-04-28
Ayesha Harruna Attah,2016-04-28
Boot Campaign,2016-04-27
Valeria Miani,2016-04-24
Nade Haley,2016-04-23
Myfanwy Horne,2016-04-22
Madison Janssen,2016-04-19
Raymond Watson (artist),2016-04-18
Women in law enforcement in the United States,2016-04-15
Feminist pathways perspective,2016-04-15
Social groups in male and female prisons in the United States,2016-04-06
Mental health among female offenders in the United States,2016-04-06
Women's fear of crime,2016-04-06
Solitary confinement of women,2016-04-06
Leola Neal,2016-04-05
Leema Dhar,2016-04-04
Stephanie A. Majewski,2016-04-04
Judith Daylen,2016-03-30
Korean student movement,2016-03-30
Judith Harackiewicz,2016-03-28
Applepi10,2016-03-26
Leah DeVun,2016-03-24
Athena Fund,2016-03-20
Diana Burgoyne,2016-01-21
April 1915,2016-01-16
February 1915,2016-01-03
Hamster show,2015-12-23
Special Security Unit,2015-11-13
Robert S. Frazer,2015-08-26
Sayra Fischer Lebenthal,2015-06-09
Laurie S. Sutton,2015-05-17
Henry Dundas Campbell,2015-03-25
List of public art in the City of Sydney,2014-11-26
Debbie Medina,2014-09-10
Upcoming The Narrative second studio album,2014-07-17
Advanced School for Girls,2013-08-02
Beverly Bond,2012-11-12
List of Cheers characters,2012-08-01
My Moment (Rebecca Black song),2011-07-16
Politics (magazine 1944-1949),2008-12-04
The Trouble with Women (Randall and Hopkirk Deceased),2007-01-13
Adjunct professors in North America,2004-12-06
Jnanpith Award,2004-10-28
